insert into school_class(class_name, location,teacher_name) values("Biology","Building 5 Room 201","Ms Vitor");
insert into school_class(class_name, location,teacher_name) values("Algebra","Building 3 Room 101","Ms Santos");
insert into school_class(class_name, location,teacher_name) values("Trigonometry","Building 4 Room 221","Ms McQueen");
insert into school_class(class_name, location,teacher_name) values("Physics","Building 9 Room 131","Mr Anderson");

insert into student(last_name,first_name,age,gpa) values("Duterry","Simon",18,2.2);
insert into student(last_name,first_name,age,gpa) values("Craft","Lindsey",19,2.5);
insert into student(last_name,first_name,age,gpa) values("Larsen","Erica ",20,2.1);
insert into student(last_name,first_name,age,gpa) values("Levine","Ryan",18,3.2);
insert into student(last_name,first_name,age,gpa) values("Smith","Erik",21,1.2);
insert into student(last_name,first_name,age,gpa) values("Sloan","Jerry",17,3.5);
insert into student(last_name,first_name,age,gpa) values("Richardson","Josh",18,2.6);
insert into student(last_name,first_name,age,gpa) values("Olynyk","Kelly",18,2.9);
insert into student(last_name,first_name,age,gpa) values("Clarkson","Jordan",18,3.0);
insert into student(last_name,first_name,age,gpa) values("Tatum","Jayson",19,2.7);

insert into school_class_student values("Biology","Duterry");
insert into school_class_student values("Biology","Craft");
insert into school_class_student values("Biology","Levine");
insert into school_class_student values("Algebra","Sloan");
insert into school_class_student values("Trigonometry","Richardson");
insert into school_class_student values("Trigonometry","Clarkson");
insert into school_class_student values("Trigonometry","Craft");